<?xml version="1.0" encoding="UTF-8"?>
<project-private xmlns="http://www.netbeans.org/ns/project-private/1">
    <editor-bookmarks xmlns="http://www.netbeans.org/ns/editor-bookmarks/2" lastBookmarkId="0"/>
    <open-files xmlns="http://www.netbeans.org/ns/projectui-open-files/2">
        <group>
            <file>file:/C:/Users/UbiMS/Documents/NetBeansProjects/Pulsa/src/Frame/home.java</file>
            <file>file:/C:/Users/UbiMS/Documents/NetBeansProjects/Pulsa/src/Frame/History.java</file>
            <file>file:/C:/Users/UbiMS/Documents/NetBeansProjects/Pulsa/src/Frame/FormRegister.java</file>
            <file>file:/C:/Users/UbiMS/Documents/NetBeansProjects/Pulsa/src/Frame/Transaksi.java</file>
            <file>file:/C:/Users/UbiMS/Documents/NetBeansProjects/Pulsa/src/Frame/FormLogin.java</file>
        </group>
    </open-files>
</project-private>
